{"count":1,"self":17.937371199999998,"total":21.183156699999998,"children":{"InitializeActuators":{"count":12,"self":0.0069999,"total":0.0069999,"children":null},"InitializeSensors":{"count":12,"self":0.018000699999999998,"total":0.018000699999999998,"children":null},"AgentSendState":{"count":964,"self":0.1442484,"total":0.1582453,"children":{"CollectObservations":{"count":2316,"self":0.0030053,"total":0.0030053,"children":null},"WriteActionMask":{"count":2316,"self":0.0039842,"total":0.0039842,"children":null},"RequestDecision":{"count":2316,"self":0.0070073999999999996,"total":0.0070073999999999996,"children":null}}},"DecideAction":{"count":964,"self":2.773418,"total":3.0014458999999998,"children":{"RayPerceptionSensor.Perceive":{"count":2316,"self":0.22802799999999998,"total":0.22802799999999998,"children":null}}},"AgentAct":{"count":964,"self":0.052093799999999996,"total":0.052093799999999996,"children":null}},"gauges":{"rab.CumulativeReward":{"count":370,"max":2,"min":-1,"runningAverage":0.7635133,"value":1,"weightedAverage":0.904119134},"fox.CumulativeReward":{"count":59,"max":2,"min":-0.1,"runningAverage":0.849152565,"value":-0.1,"weightedAverage":0.714820445}},"metadata":{"timer_format_version":"0.1.0","start_time_seconds":"1652784619","unity_version":"2020.3.25f1","command_line_arguments":"D:\\unity\\Builds\\ML.exe","communication_protocol_version":"1.5.0","com.unity.ml-agents_version":"2.1.0-exp.1","scene_name":"world","end_time_seconds":"1652784640"}}